,img,class
0,04eEIVA3wZzYqgWfCx4WNGJ-3.webp,c0
1,04TuEhpivKAaHT7IMx2bF16-4.webp,c0
2,04TuEhpivKAaHT7IMx2bF16-8.webp,c0
3,5b33383dd4b93c8e245fc2ced62e7e13.jpg,c0
4,61idoQI6QWL.jpg,c0
5,Alienware-Steam-Machine-main11.webp,c0
6,hedreshoot.jpg,c0
7,images (1).jpeg,c0
8,images (2).jpeg,c0
9,images.jpeg,c0
10,img_1.jpg,c0
11,img_2.png,c0
12,img_3.jpg,c0
13,img_4.jpg,c0
14,img_5.jpeg,c0
15,06nE5XBCGBq0fduiilji7L6-9.webp,c1
16,510rHRjm16L._SL1000_.jpg,c1
17,5173JUvTdKL._SL1000_.jpg,c1
18,51BoAYKgGGL._SX679_.jpg,c1
19,51nFzC9tbNL.jpg,c1
20,51WomMI1DiL._SL1000_.jpg,c1
21,5cSp3gjd53uZXWwBuqKKYZ.jpg,c1
22,61sxbJdyxoL._SL1000_.jpg,c1
23,"61woikuKf1L._AC_UF1000,1000_QL80_.jpg",c1
24,61xOmQnjtBL._SL1000_.jpg,c1
25,images (1).jpeg,c1
26,images.jpeg,c1
27,maxresdefault (1).jpg,c1
28,maxresdefault.jpg,c1
29,rBDPYJZz79we2c5SwA53g.jpg,c1
30,0.jpg,c10
31,0013474e-b753-5433-a143-349b0410242d.jpeg,c10
32,006d94f6-e189-52d1-8684-e24b0d6ac4ab.jpeg,c10
33,0cc31770-d3c8-5aee-ad77-84c1f1e6f1ad.jpeg,c10
34,11431f47-072c-5c3a-be01-4aa5cebabb2d.jpeg,c10
35,15fb7291-48fc-5c0b-af59-affab1e0e91f.jpeg,c10
36,2c596af1-3da1-5a7a-b06a-e8fb782aa3f7.jpeg,c10
37,31ddc741-bf29-521b-9965-13de914ad638.jpeg,c10
38,3c050e18-037f-5e2c-8925-7b4e0681ca78.jpeg,c10
39,3c478342-161d-589a-ba0c-bb0891b8b510.jpeg,c10
40,3d6e955c-bada-5b1a-9cb5-0397d442f100.jpeg,c10
41,41ae49b8-333f-5a8a-891a-9a7c4f65e3cb.jpeg,c10
42,4342b0a2-4284-5d04-8125-45a3b42f384a.jpeg,c10
43,442fb772-c415-560b-8c60-a034956e626e.jpeg,c10
44,4daf0b4e-deb1-500a-af09-e2b9f7e26232.jpeg,c10
45,4ddc3369-7f14-5720-bb18-1108b22fc90b.jpeg,c10
46,5178NpyWnoL._SL1080_.jpg,c10
47,51ZnWtK4oPL._SL1080_.jpg,c10
48,51zY-mOR7kL._SL1080_.jpg,c10
49,52252439-e8e7-5b7a-b3d4-bff9ccd8b3a9.jpeg,c10
50,530b647d-c71a-50fe-b42c-b622605f52d3.jpeg,c10
51,5f2c5908-4b9f-5347-8abe-350e114f2988.jpeg,c10
52,610y1Bnxa4L._SL1080_.jpg,c10
53,61YvpeFp6ZL._SL1080_.jpg,c10
54,6414b112-9226-5e0f-ba14-ee9a09652a46.jpeg,c10
55,665aa45114dbc67d3d6d5127-dell-xps-9370-13-3in-4k-uhd-touchscreen.jpg,c10
56,6834f028-a0f7-5028-baed-570e4c91acbc.jpeg,c10
57,696987a2-8583-562c-ba78-d6de476e1380.jpeg,c10
58,708a75e9-38b1-57f6-bc9c-6653295f6028.jpeg,c10
59,70b2a5f6-23b1-5041-baa1-03626b8d3197.jpeg,c10
60,7a81c98f-5189-5730-ac52-63e1bbdb0599.jpeg,c10
61,862d3f3d-3f07-5659-93d7-14eda737d92c.jpeg,c10
62,8a0b4213-bdd0-5a73-bee9-f1fa5502c942.jpeg,c10
63,8a46c686-4386-5000-9bd8-6b1d3f2dc0e6.jpeg,c10
64,9125cc8b-779f-5124-837a-bcd1b16f998b.jpeg,c10
65,9be595c3-31a9-5d5a-8840-4e2493f908d3.jpeg,c10
66,a8fc9dbf-5f92-5973-8058-ce0870e8e536.jpeg,c10
67,b0230c36-4708-5b61-9683-2c0ffaf8047f.jpeg,c10
68,b2c04aa5-bb99-5d6f-b9be-78dad72e04c6.jpeg,c10
69,b356b711-eb4e-5023-9ada-332e511526ca.jpeg,c10
70,b3ff6322-88d3-5ce7-879d-2044950b0847.jpeg,c10
71,c5a64dc3-08d7-5def-92de-682736bec6f6.jpeg,c10
72,c5ce0e91-30cc-5777-8638-d217869bc35c.jpeg,c10
73,c7581607-5077-528d-b0ab-aba1cce40c27.jpeg,c10
74,c8e498c9-553f-5121-bcaa-14337c4c0baf.jpeg,c10
75,ccebcbc0-d1cb-561b-9d3d-a5b4bac97181.jpeg,c10
76,d6ba52f8-41d9-5a87-9186-f0a293cdb42f.jpeg,c10
77,df391c7a-0813-5df6-a6a9-6e9f97c0acf4.jpeg,c10
78,e2470e7e-9dba-5235-bd3f-62f68c59fb90.jpeg,c10
79,e6d64c61-014a-5f08-b80f-47b2b3b66ee6.jpeg,c10
80,ec0d4a93-4420-5e1e-b694-f28c067bf805.jpeg,c10
81,laptop-xps-13-9340-pdp-design-dynamic-thumb-sl.jpeg,c10
82,laptop-xps-13-9340-pdp-dimensions-weight-rear-sl.png,c10
83,laptop-xps-13-9340-pdp-dimensions-weight-side-sl.png,c10
84,laptop-xps-13-9340-pdp-display-sl.png,c10
85,laptop-xps-13-9340-pdp-effortless-mobility-sl.png,c10
86,laptop-xps-13-9340-pdp-innovative-interiors-a-sl.png,c10
87,laptop-xps-13-9340-pdp-innovative-interiors-b-sl.png,c10
88,laptop-xps-13-9340-pdp-innovative-interiors-c-sl.png,c10
89,laptop-xps-13-9340-pdp-on-the-go-performance-sl.jpeg,c10
90,laptop-xps-13-9340-pdp-ports-left-sl.png,c10
91,laptop-xps-13-9340-pdp-ports-right-sl.png,c10
92,laptop-xps-13-9340-pdp-video-chat-sl.png,c10
93,laptop-xps-13-9345-pdp-display-gy.png,c10
94,laptop-xps-13-9345-pdp-innovative-interiors-a-gy.png,c10
95,laptop-xps-13-9345-pdp-innovative-interiors-b-gy.png,c10
96,laptop-xps-13-9345-pdp-innovative-interiors-c-gy.png,c10
97,laptop-xps-13-9345-qc-pdp-copilot-accordion-hero-gy.jpeg,c10
98,laptop-xps-13-9345-qc-pdp-copilot-connect-feature-video-gy.jpeg,c10
99,laptop-xps-13-9345-qc-pdp-copilot-create-feature-video-gy.jpeg,c10
100,laptop-xps-13-9345-qc-pdp-copilot-do-feature-video-gy.jpeg,c10
101,laptop-xps-13-9345-qc-pdp-copilot-find-feature-video-gy.jpeg,c10
102,laptop-xps-13-9345-qc-pdp-dimensions-and-weight-l-gy.png,c10
103,laptop-xps-13-9345-qc-pdp-dimensions-and-weight-r-gy.png,c10
104,laptop-xps-13-9345-qc-pdp-lifestyle-on-the-go-gy.jpeg,c10
105,laptop-xps-13-9345-qc-pdp-ports-and-slots-l-gy.png,c10
106,laptop-xps-13-9345-qc-pdp-ports-and-slots-r-gy.png,c10
107,laptop-xps-13-9345-qc-pdp-product-compatibility-apps-gy.jpeg,c10
108,laptop-xps-13-9345-qc-pdp-product-compatibility-windows-gy.jpeg,c10
109,laptop-xps-13-9345-qc-product-video-copilot-thumb-gy.png,c10
110,notebook-xps-13-9340-t-gy-gallery-6.png,c10
111,notebook-xps-13-9340-t-oled-gy-gallery-2.png,c10
112,notebook-xps-13-9340-t-oled-gy-gallery-4.png,c10
113,notebook-xps-13-9340-t-oled-sl-gallery-3.png,c10
114,notebook-xps-13-9340-t-sl-gallery-2 (1).png,c10
115,notebook-xps-13-9340-t-sl-gallery-2.png,c10
116,notebook-xps-13-9340-t-sl-gallery-4.png,c10
117,notebook-xps-13-9340-t-sl-gallery-5.png,c10
118,notebook-xps-13-9340-t-sl-gallery-6.png,c10
119,notebook-xps-13-9345-t-gray-gallery-2.png,c10
120,Screenshot_18-8-2024_121929_www.flipkart.com.jpeg,c10
121,Screenshot_18-8-2024_121937_www.flipkart.com.jpeg,c10
122,Screenshot_18-8-2024_121944_www.flipkart.com.jpeg,c10
123,Screenshot_18-8-2024_121951_www.flipkart.com.jpeg,c10
124,Screenshot_18-8-2024_121957_www.flipkart.com.jpeg,c10
125,Screenshot_18-8-2024_122014_www.flipkart.com.jpeg,c10
126,Screenshot_18-8-2024_122027_www.flipkart.com.jpeg,c10
127,Screenshot_18-8-2024_122034_www.flipkart.com.jpeg,c10
128,Screenshot_18-8-2024_122214_dl.dell.com.jpeg,c10
129,Screenshot_18-8-2024_122244_dl.dell.com.jpeg,c10
130,Screenshot_18-8-2024_122250_dl.dell.com.jpeg,c10
131,Screenshot_18-8-2024_122255_dl.dell.com.jpeg,c10
132,01346fa7-15b0-534e-b85a-cfea57fb5d2d.jpeg,c11
133,08554499-578d-51c0-a267-14d987a4bb82.jpeg,c11
134,101e78f7-a0f3-5978-9c9e-ff5ddc658a11.jpeg,c11
135,2b9d234c-b7b5-5f81-99b5-32ca6d51be7b.jpeg,c11
136,3d39c1b1-d116-577c-b78f-4a321d94cd42.jpeg,c11
137,42007e46-3abd-52ff-ac5d-f1a68fe1bbf9.jpeg,c11
138,420e0983-daef-5bec-80e2-7dfac0d1db34.jpeg,c11
139,4936911f-c067-5acc-9a85-f586d4a67c54.jpeg,c11
140,5541696b-71f5-50bd-a523-41478922d604.jpeg,c11
141,5e263c9f-ae19-56b6-b881-83cb71e7d8f7.jpeg,c11
142,6389126e-31ad-5341-9c37-f05ed7b0d714.jpeg,c11
143,65c7796c-229b-575f-92d5-867ead386158.jpeg,c11
144,67499ff7-c603-5a87-bed7-15a526b96521.jpeg,c11
145,67dbed27-b32f-59d0-95a5-f65548ba8108.jpeg,c11
146,8039eef3-43c2-5b12-a1a1-43b381759eb1.jpeg,c11
147,822cb526-d447-51cc-b606-774734fdf0e3.jpeg,c11
148,88b79db5-f820-54c9-80c4-c783108e6b00.jpeg,c11
149,9d86f39d-8a2b-5ab4-98d9-ea90d7766d49.jpeg,c11
150,a1689b97-d6cf-5669-87d5-0efb6d2aea01.jpeg,c11
151,a3d544c1-8069-51d7-af7e-db5a61556283.jpeg,c11
152,c49d5320-44b1-5ee8-8123-23266befcace.jpeg,c11
153,c5ce7146-9092-594f-bc83-7320e798c98f.jpeg,c11
154,c7c068a7-2d3d-5b48-af1e-6303f38ccc45.jpeg,c11
155,c88801fb-9e85-55e7-83ad-5583a8391f8f.jpeg,c11
156,cbd71415-9a3b-5235-a3de-ae894aaddd36.jpeg,c11
157,dynamic-video-thumbnail-xps-14-sl-op2.jpg,c11
158,eb9fb838-7899-5159-8924-8ff146cbd148.jpeg,c11
159,ec32779f-ac8b-533e-8e06-4b695c2a63bd.jpeg,c11
160,f37aad7c-0db3-5f61-bf01-10d9ae0991d8.jpeg,c11
161,laptop-xps-14-9440-pdp-dimensions-weight-rear-sl.jpeg,c11
162,laptop-xps-14-9440-pdp-dimensions-weight-side-sl.png,c11
163,laptop-xps-14-9440-pdp-display-sl.png,c11
164,laptop-xps-14-9440-pdp-innovative-interiors-a-sl.png,c11
165,laptop-xps-14-9440-pdp-innovative-interiors-b-sl.jpeg,c11
166,laptop-xps-14-9440-pdp-innovative-interiors-c-sl.png,c11
167,laptop-xps-14-9440-pdp-ports-left-sl.png,c11
168,laptop-xps-14-9440-pdp-ports-right-sl.png,c11
169,laptop-xps-14-9440-pdp-power-in-motion-sl.jpeg,c11
170,laptop-xps-14-9440-pdp-video-chat-sl.png,c11
171,notebook-xps-14-9440nt-sl-gallery-4.png,c11
172,notebook-xps-14-9440t-sl-gallery-3.png,c11
173,notebook-xps-14-9440t-sl-gallery-5.png,c11
174,notebook-xps-14-9440t-sl-gallery-9 (1).png,c11
175,notebook-xps-14-9440t-sl-gallery-9.png,c11
176,prod-911800-laptop-xps-14-9440-nvidia-studio-logo-sl-1920x1080.jpeg,c11
177,Screenshot_18-8-2024_151413_www.dell.com.jpeg,c11
178,Screenshot_18-8-2024_151423_www.dell.com.jpeg,c11
179,Screenshot_18-8-2024_151433_www.dell.com.jpeg,c11
180,Screenshot_18-8-2024_151443_www.dell.com.jpeg,c11
181,Screenshot_18-8-2024_151455_www.dell.com.jpeg,c11
182,Screenshot_18-8-2024_151518_www.dell.com.jpeg,c11
183,Screenshot_18-8-2024_151531_www.dell.com.jpeg,c11
184,Screenshot_18-8-2024_15155_www.dell.com.jpeg,c11
185,0354935d-0b66-55b5-a33d-ac2c939445a1.jpeg,c12
186,086573e0-266a-52af-b1e0-9cf16821cc84.jpeg,c12
187,0b6fc5b3-7124-5b9c-8355-c94de2de3541.jpeg,c12
188,2d9beac0-13e3-5c99-b298-97eb0227f4b2.jpeg,c12
189,2e65f002-32c6-5aad-b813-5b38bfe6fc84.jpeg,c12
190,3b1442b8-465f-57fb-83e4-140653ec851e.jpeg,c12
191,4029bfd1-88c2-5f82-ad14-fe47fff6fbf0.jpeg,c12
192,4939ea65-b60b-5a7e-ab7a-3c4c35ff6346.jpeg,c12
193,4e283e69-6a66-57aa-aaa6-a9426258dd81.jpeg,c12
194,5d61ce66-6732-5fa9-aedb-d97f4d6f9fdf.jpeg,c12
195,68376611-c62e-5a0d-9d01-e665126baaaa.jpeg,c12
196,69359b6a-5c3a-5746-8b64-7de92367c660.jpeg,c12
197,6caeb974-5874-5dd6-8541-e6d3eb74390d.jpeg,c12
198,70436b0f-4bcb-5b64-8c8c-521bedb8ec3e.jpeg,c12
199,72afca8a-5705-56b9-8dd9-daa8983a3188.jpeg,c12
200,77355c49-871c-5704-b274-c71c107f873d.jpeg,c12
201,7a54ec10-a2e2-5469-a4bf-3af4c943bc7b.jpeg,c12
202,7ce21ac2-819a-576c-9d72-cd8cf5425c69.jpeg,c12
203,7fdf0eb7-915d-540c-9177-554ba594c367.jpeg,c12
204,8403efc7-fe60-5482-8a93-49cabc1f26b2.jpeg,c12
205,8eb19ef1-1c61-5009-a084-5c7db7818b3c.jpeg,c12
206,8fcc42a3-9ad6-5837-926c-11a44f0f43d0.jpeg,c12
207,948a1dae-f174-5fee-8a51-506e0ef584f4.jpeg,c12
208,99b2d912-13bc-5758-aa11-9ff808abb88f.jpeg,c12
209,9a24cca2-2829-5d49-8c4e-9e847913dd3b.jpeg,c12
210,a072321f-b67e-5f54-9722-74cecee6a843.jpeg,c12
211,b29413da-7d9c-5ad7-8e6f-d36e1a9b2833.jpeg,c12
212,b390cd42-422a-5d33-a2b2-c383c813a8de.jpeg,c12
213,cab66c72-c95c-5f70-806e-bb7a437cc63c.jpeg,c12
214,cdde6efe-f5b4-5e2b-b75c-6bf07d871860.jpeg,c12
215,d2aea795-4657-58da-a49e-505613f46605.jpeg,c12
216,e77137d8-cd64-5bba-8af8-197463730e28.jpeg,c12
217,e7b08120-f62d-541a-8f0f-4ab6fd735cf6.jpeg,c12
218,ec485cd7-b4cc-51b5-8e2e-411bcdb4fb95.jpeg,c12
219,ed4dd591-42a3-5171-8e0e-e37359db2584.jpeg,c12
220,ee5b031a-62ef-5d55-9918-9c1da6f1f6d3.jpeg,c12
221,f14c4175-ca38-55e1-be48-b7d9600be3cb.jpeg,c12
222,f4315b6c-de6e-53df-8b9c-30fadd0a66bd.jpeg,c12
223,fd41a11d-d571-5940-a60f-827282d80b4b.jpeg,c12
224,fea7f1b6-55b6-512a-bed3-cd8c8400ab50.jpeg,c12
225,Screenshot_18-8-2024_162253_www.dell.com.jpeg,c12
226,Screenshot_18-8-2024_162344_www.dell.com.jpeg,c12
227,Screenshot_18-8-2024_162356_www.dell.com.jpeg,c12
228,Screenshot_18-8-2024_16237_www.dell.com.jpeg,c12
229,Screenshot_18-8-2024_16247_www.dell.com.jpeg,c12
230,053a719e-a9f6-5b88-9bb0-84f32c931520.jpeg,c13
231,09c86a23-4e6e-5259-b84c-d3268b32d916.jpeg,c13
232,0d8d51fc-3001-58b6-a4b8-12ab7991564a.jpeg,c13
233,0f82430f-7ff5-5b3f-b754-eed2d169d4bc.jpeg,c13
234,1883acb5-16bd-56bb-b54c-de6f1b86cf65.jpeg,c13
235,32bb63e1-3266-536c-bf99-c8e277f97f51.jpeg,c13
236,3514e8e8-e725-5ab6-b776-2d8752bd80f0.jpeg,c13
237,3dacebf1-c1db-5556-912d-e3ded86b2a73.jpeg,c13
238,3e3f1f95-f6e4-549c-8632-369621b3db77.jpeg,c13
239,462d45d7-93bd-5640-9927-4e3ea04b528e.jpeg,c13
240,4869999b-904f-5b0f-83e2-25dd0348aa45.jpeg,c13
241,55b9b4e8-4eb3-5e90-b2d9-c9a5a95878c5.jpeg,c13
242,5908ddaf-e241-521d-b6f5-7a84b2d98d0b.jpeg,c13
243,843ead0f-ef98-5987-85cf-67829ff3f993.jpeg,c13
244,8c5ff5cb-2a20-5281-a3f6-8a4076c6c559.jpeg,c13
245,92f7b877-a106-59ef-a1d9-aba9b50a594c.jpeg,c13
246,a287c5be-b451-5660-a9a6-75046ac7896b.jpeg,c13
247,a7cbfe51-c660-5096-b99b-4d2fdaf04f40.jpeg,c13
248,ada579e5-c4a3-5caa-aa5a-b46baab2c34c.jpeg,c13
249,b03d6cee-c97f-577e-bd81-795b783ff015.jpeg,c13
250,ba237bd0-b325-547d-be17-89738c418c70.jpeg,c13
251,be0b5df9-4c54-562e-b1f6-5f9071730f81.jpeg,c13
252,bee4f365-2fc7-52c2-925a-244058aaa01c.jpeg,c13
253,c11d21fe-cebe-5b36-8396-d88436e24b29.jpeg,c13
254,c99cb54d-7f95-596f-9b71-194cfde158b9.jpeg,c13
255,d0940dc4-e4b1-5d43-9cc3-2987f7f49cd8.jpeg,c13
256,d55b5d81-487a-5007-802a-2084e9ee60bc.jpeg,c13
257,f45aca60-5a17-5893-b014-2a46ac8c31cd.jpeg,c13
258,f7c6d465-8401-573b-9fed-f47ebf93fe06.jpeg,c13
259,f958e1bb-2cfd-5d70-9e0f-4631b911bee1.jpeg,c13
260,fa93cbc2-3470-5c58-b305-bff388420bdf.jpeg,c13
261,Screenshot_18-8-2024_19356_www.dell.com.jpeg,c13
262,Screenshot_18-8-2024_19521_www.dell.com.jpeg,c13
263,Screenshot_18-8-2024_19627_www.dell.com.jpeg,c13
264,Screenshot_18-8-2024_19634_www.dell.com.jpeg,c13
265,Screenshot_18-8-2024_19642_www.dell.com.jpeg,c13
266,Screenshot_18-8-2024_19654_www.dell.com.jpeg,c13
267,Screenshot_18-8-2024_19712_www.dell.com.jpeg,c13
268,Screenshot_18-8-2024_1973_www.dell.com.jpeg,c13
269,0649aef8-0324-5e0c-a779-6fdedc78fb4e.jpeg,c14
270,1402b9ab-d14c-5646-9d01-f62de7495a99.jpeg,c14
271,16fc770b-50ce-58e9-8731-2be13bf1e836.jpeg,c14
272,1702601d-26f2-5048-ac75-886242ca9d2f.jpeg,c14
273,1c15b904-bcbb-5f31-b659-1170097ec600.jpeg,c14
274,1d2a8f3f-ce0e-5542-a38d-562c753310a1.jpeg,c14
275,22681cdc-d342-531f-829d-0a899c79563b.jpeg,c14
276,266d45a3-55f7-5b55-8896-167c26313a1d.jpeg,c14
277,2a25308b-cd99-5a05-9f0b-44d69b1e102d.jpeg,c14
278,3591adbf-d231-56d2-ab11-c097335fd751.jpeg,c14
279,3ef0cecb-af70-5a1c-b8dd-7eb3281e1bfa.jpeg,c14
280,475bd855-6d19-5c72-97e2-8b8b3cc1caa2.jpeg,c14
281,481e53b8-3fe8-5f75-8788-2c7c19ae8a5d.jpeg,c14
282,48440bee-8263-5ccc-a40f-0ae530cfaa08.jpeg,c14
283,4e152917-d6c6-50fa-bb58-ffde72a33cae.jpeg,c14
284,55fcb484-0b43-57d2-b1e2-f62284349d8b.jpeg,c14
285,575f94ae-19e2-536a-8f5a-037873589ef0.jpeg,c14
286,583860ce-7193-563a-8ce7-32e9d96362e1.jpeg,c14
287,69506c5b-4662-5951-ba1a-bb36c67cebee.jpeg,c14
288,6c1c9bc4-18ef-50a4-a715-322c52ea4f88.jpeg,c14
289,711d99ca-21a3-5427-aa01-0b516a39d34e.jpeg,c14
290,71feb616-8fcf-5ef8-a720-4266a5065f33.jpeg,c14
291,7360237e-a9f7-5926-b042-cb71529fdbf9.jpeg,c14
292,7643f9ac-4c09-5178-8fc0-da411fc2fe35.jpeg,c14
293,79870ca2-f8a0-5990-9c4b-9e1450bb9e25.jpeg,c14
294,81af2c23-4b7b-5fbe-bca6-f74fb1af15f0.jpeg,c14
295,841caab0-e1ff-5183-b251-a7781a09e83a.jpeg,c14
296,9063247a-33a4-575b-822d-c2fad08e686e.jpeg,c14
297,940bbf85-ee4b-5f4f-bcc5-c4e7a6a5626e.jpeg,c14
298,97035325-7119-5ba1-b68c-7442d3d39675.jpeg,c14
299,9a582bc8-006a-5ad6-8625-f6449e4d5148.jpeg,c14
300,9dcf5ff3-9b45-536e-893c-bf687feb4435.jpeg,c14
301,9e05f058-01f6-50b1-84d8-bc9f68c1a2f7.jpeg,c14
302,a3488ae5-9b58-504c-bd50-13ebb6855dbb.jpeg,c14
303,b4f74222-4d86-50b5-9ade-b4877772dc23.jpeg,c14
304,be58ae31-1947-5da8-a8b2-b21963ce7762.jpeg,c14
305,bf81c49a-2970-53f6-be55-585f4cd51b66.jpeg,c14
306,c01aa84b-6f3c-56d0-8fe6-93c77664e008.jpeg,c14
307,c0395cc5-8d3b-5e8f-acb4-7809dced391f.jpeg,c14
308,c265c4d7-fcb5-5f68-b122-c9dc5ba29c67.jpeg,c14
309,c4fe54ed-206f-5200-9462-85732e996c63.jpeg,c14
310,c6a4f9fa-059d-5b06-b509-4baf13137afc.jpeg,c14
311,cf77a39a-53b3-5dad-b5e5-7f9b463017d6.jpeg,c14
312,d084841e-8a02-5117-aa8a-d3d59172a41e.jpeg,c14
313,d0e4ece5-88d9-5749-bf8c-4af288935409.jpeg,c14
314,d2650c4d-56c6-519a-9f3b-76d8aa6e6cfb.jpeg,c14
315,d6802869-1443-5470-a1da-28757aff290a.jpeg,c14
316,e30ae102-2c2d-5e1a-ae2a-bae2b5fa6ae0.jpeg,c14
317,eb6b4deb-9dd3-5420-912d-aea4b4548d54.jpeg,c14
318,ec3f1457-c3b6-576f-bec6-de3575c62241.jpeg,c14
319,Screenshot_19-8-2024_112914_www.dell.com.jpeg,c14
320,Screenshot_19-8-2024_112922_www.dell.com.jpeg,c14
321,Screenshot_19-8-2024_112933_www.dell.com.jpeg,c14
322,Screenshot_19-8-2024_112942_www.dell.com.jpeg,c14
323,Screenshot_19-8-2024_11295_www.dell.com.jpeg,c14
324,0172e1e0-09a0-52c6-9427-f18cdbd5d169.jpeg,c15
325,0277fc9f-9d8b-5466-ba45-cd8931f738f0.jpeg,c15
326,02a2f45d-0472-55cd-9850-ca39bc9993c0.jpeg,c15
327,0a647e89-32a0-5f8d-a3eb-26e569934733.jpeg,c15
328,20212957-18b6-582a-a4a7-8a99c6c9ed10.jpeg,c15
329,2bab1f94-16b2-53c7-a7ae-c8dce6e9aa9b.jpeg,c15
330,2cc51254-3675-5f8a-aa11-c1985b454b08.jpeg,c15
331,2db87784-d168-56b2-b9bd-0e34b1805ffc.jpeg,c15
332,3dde8bee-c1cd-5c8c-b38a-bc8489ba4ea1.jpeg,c15
333,42ef4e05-edae-56d5-9b04-139321c28119.jpeg,c15
334,441c9f31-8992-5c3b-83b7-0d8f5fc911e1.jpeg,c15
335,4bcf3aa7-3370-5d36-a842-d9cf895115bf.jpeg,c15
336,5466eea3-9599-5e95-9283-f14132c565aa.jpeg,c15
337,556a00da-baaa-5803-8b55-7d931d8789bf.jpeg,c15
338,5a9edd12-f306-5a7a-9591-4a0552f34f28.jpeg,c15
339,60f450fb-73ec-51c8-935e-2d538ffffa63.jpeg,c15
340,620d9a2c-f278-5acf-af94-54a3f2954144.jpeg,c15
341,6484e76b-3e6e-5ff1-85de-efc7ed3e2b09.jpeg,c15
342,6f8480d0-c662-54f4-a073-9f9e02b2d99f.jpeg,c15
343,6fdfc52e-582b-5fde-a46f-ec523f11fcea.jpeg,c15
344,6ff996b4-a314-5196-ad86-45e61a76bd50.jpeg,c15
345,74365f05-7363-5858-bbf6-9c58a06c8b96.jpeg,c15
346,7d0f4af9-9be8-5ff8-b851-8d18d9b0f672.jpeg,c15
347,7f6032b0-5ef1-5235-9326-a5f30ddfc3c5.jpeg,c15
348,914aa74e-9af9-5e6d-bee7-9a8fee6b6997.jpeg,c15
349,938c800c-f7f0-5462-9a57-f950781efb2c.jpeg,c15
350,96a5a4e6-2369-59b4-9a34-c8123514bb67.jpeg,c15
351,a75bac65-fe12-51d3-b3d1-3a1a2dfb8cca.jpeg,c15
352,a95d0efd-2bd1-52e4-94b8-f909bca4fd7f.jpeg,c15
353,ae35ab45-717b-56de-b32c-af467f2f3aeb.jpeg,c15
354,aec29fbb-5a22-5c7d-9bd4-cd8eba90a206.jpeg,c15
355,alienware-m16-r2-product-thumbnail-en (1).jpg,c15
356,b6a394c6-7493-53a7-994f-4de5bb48860b.jpeg,c15
357,c288d655-f3e5-5637-b7c9-f302e74f4f96.jpeg,c15
358,c51fbede-5503-51a8-8748-0c65e9a05c62.jpeg,c15
359,c6e54578-69eb-58ab-b670-b2027615d2ce.jpeg,c15
360,ca40caf4-935a-5136-a04e-96e7a620a6d5.jpeg,c15
361,cae-testing-readytogame-readytoconnect-1-mobile.png,c15
362,cae-testing-readytogame-readytoconnect-1.png,c15
363,cb9c7fc0-62e1-5e15-87ee-d6afad0a8d9c.jpeg,c15
364,cs2304g0004-616600-gl-cs-co-fy24q1-aw-m18-r1-lifestyle-3.jpeg,c15
365,d2efdd29-cc0a-55d1-afd8-f3b85ba2cebb.jpeg,c15
366,d71f2cf0-d7d1-5eb8-a9db-7ef9df1e4f32.jpeg,c15
367,dd6222e2-f4d1-59bd-ae97-1b21c7f67d7e.jpeg,c15
368,dfd960ba-a7e7-507c-8ede-0511ecb998ad.jpeg,c15
369,e3d9931b-e340-5c64-a8ad-69f5f02efcaa.jpeg,c15
370,e741cf6b-dbc4-5fd4-bc02-df018444b7f4.jpeg,c15
371,eb19fd25-a858-5929-b666-c9e96dbb9420.jpeg,c15
372,ed0a8862-acfe-51dc-9fbd-30601a25d2eb.jpeg,c15
373,eeefc080-3b8a-540e-8be0-ca4b61bd9f29.jpeg,c15
374,fabc4311-10d6-5b91-981b-16bb8b21e7fb.jpeg,c15
375,laptop-alienware-m16-pdp-legendperfected.png,c15
376,laptop-alienware-m16-r2-intel-pdp-mod01a.jpeg,c15
377,laptop-alienware-m16-r2-intel-pdp-mod08a.png,c15
378,laptop-alienware-m16-r2-intel-pdp-mod08b.png,c15
379,laptop-alienware-m16-r2-intel-pdp-mod08c.png,c15
380,laptop-alienware-m16-r2-intel-pdp-mod14.png,c15
381,laptop-alienware-m16-r2-intel-pdp-mod15.png,c15
382,laptop-aw-m16r2-nt-bk-gallery-3.png,c15
383,laptop-aw-m16r2-nt-bk-gallery-4.png,c15
384,laptop-aw-m16r2-nt-bk-gallery-5.png,c15
385,stealth-dynamic-thumbnail.jpeg,c15
386,01da8224-0950-5aea-9546-9e582e5f8930.jpeg,c16
387,035a9307-d4e2-5dc7-8d60-712f3a85be98.jpeg,c16
388,09e2d0f1-c8b3-5ce9-8d2e-ef3e3599df9a.jpeg,c16
389,0e3b6a0e-f37e-5e7d-a73c-d59ffa911ab2.jpeg,c16
390,10dced07-1264-5d42-92a1-e0e9a627a4fc.jpeg,c16
391,1121832b-fe59-56d0-b159-c2cc21549e82.jpeg,c16
392,185d828f-fd72-572a-b695-2e619cc00e7f.jpeg,c16
393,19a10a55-e860-5220-8791-99fb56ade203.jpeg,c16
394,1a2e174e-dea4-55e2-956b-2dda05353f50.jpeg,c16
395,1db2c575-42ce-5857-a3bd-8292f5d0cbdc.jpeg,c16
396,1f43173f-daff-5ded-b9c2-bcc97d20dff3.jpeg,c16
397,2309c4fa-80f5-5d1b-9cec-185e69a136ab.jpeg,c16
398,24eb6a93-2452-55d3-a14a-e7bfd90a859e.jpeg,c16
399,27b8660e-225b-5dfa-87a4-e59e791cbba5.jpeg,c16
400,28f0b1d2-886c-5255-9298-23256c0f41d4.jpeg,c16
401,2c6699cc-93fc-5674-a567-162d15e58d67.jpeg,c16
402,3016e2a8-d2d2-52e9-8ecd-d15e0d972b7b.jpeg,c16
403,32651bbe-cfce-53ad-9f04-4ec2d2502a41.jpeg,c16
404,357d3697-54e5-571c-adcf-0ee020565845.jpeg,c16
405,3ca04c9c-815e-539a-b37e-77e0f6bcb8ab.jpeg,c16
406,45acec51-6df5-5aa9-898a-7a546a7d85db.jpeg,c16
407,4c4bca4f-a23e-5f68-9301-ad19967c7680.jpeg,c16
408,4d3c765b-1f43-5a1d-a918-13d2e09ece95.jpeg,c16
409,4f2f0b98-ac82-5280-8598-99c7ed281f1c.jpeg,c16
410,51200e9f-9a37-5637-a6a9-d140f3fbc08b.jpeg,c16
411,57853cdd-525c-5495-bc89-36d278c9ea5f.jpeg,c16
412,58bde7c4-970b-5b1f-9c6b-59bf9c79baa0.jpeg,c16
413,5c497c47-ab35-53a0-b393-e651d9c4a84b.jpeg,c16
414,5d3aa208-eea1-5b39-9cf0-5750a60e1f22.jpeg,c16
415,5f29532d-348a-5bde-84c9-f3b8ac5bd0e5.jpeg,c16
416,60bda6e6-c4ff-5fdd-83d4-f7e98c80ccb2.jpeg,c16
417,6200dc6d-bad5-5f57-8f1c-df29ff231f3e.jpeg,c16
418,63db9fdf-a55a-50c5-b10d-db69ef43a6a0.jpeg,c16
419,6b8e67cd-da8c-5aea-99e7-49aad4e41d7c.jpeg,c16
420,6c203fdc-bd9e-55b7-95d8-e5fcb7256ed3.jpeg,c16
421,6dd151d6-fdb2-5a09-8f36-236be6862d7e.jpeg,c16
422,6df0e03f-e18c-5db0-a327-b7a3b13cccd0.jpeg,c16
423,7068aa38-baed-5908-ba35-334d3f74cab8.jpeg,c16
424,70c9a8b6-bac1-5a95-a6c9-7c5aad7e5f76.jpeg,c16
425,7604a640-f2e6-53e4-8cba-8ea5adf692f7.jpeg,c16
426,7b1e05e6-7f75-52c0-9240-0fc10e1fda55.jpeg,c16
427,8688013a-772b-552b-946c-4726705d6513.jpeg,c16
428,883d0b1b-7eb1-5078-8fe9-6b79528b5b63.jpeg,c16
429,892db8bf-ac32-5547-96d7-94d857ccb79f.jpeg,c16
430,8ca62bc0-5b61-527f-854e-26b2de7392bd.jpeg,c16
431,8ce24689-af9b-5321-a4e7-4a0d958919bc.jpeg,c16
432,8ce97322-353b-5028-9190-ee2fe96b1c25.jpeg,c16
433,8eed59a1-c2bc-5345-b400-764952cfbbb4.jpeg,c16
434,8f5805b9-00a9-592d-9f93-13c0f4228550.jpeg,c16
435,94d89db5-3014-57da-85bc-ef87569df24e.jpeg,c16
436,97fd3ccb-8c54-507e-9536-b17c707357d4.jpeg,c16
437,992415e7-8c5c-51d2-a057-0ece96d38590.jpeg,c16
438,9ca5fd23-c025-537f-be47-8db0914024ab.jpeg,c16
439,9cbda665-56ef-5423-85ce-48a704430767.jpeg,c16
440,9e40124a-67f6-50d7-8ee4-01462e32ef4a.jpeg,c16
441,9e7f3501-4612-5a46-bdb4-1e54338d88a6.jpeg,c16
442,9fc2bef1-2ef3-5d47-a2f3-10ae5b432654.jpeg,c16
443,a1870328-12bc-5461-8e96-309dbb9561f9.jpeg,c16
444,a39902fd-d363-543b-a20a-87bf247fb274.jpeg,c16
445,abbdf281-7041-5485-a811-a15b7974c0af.jpeg,c16
446,ad698c6d-0937-5ac9-a520-fd441e604b5f.jpeg,c16
447,b0688612-4ece-5bde-bc7d-91e821df6515.jpeg,c16
448,b13776ef-968d-5d41-ab51-3fe063b66127.jpeg,c16
449,ba1312b5-a45f-572e-a143-14dd5eb8bd9d.jpeg,c16
450,baff4105-0ae9-506d-9d92-61e203ae0fe6.jpeg,c16
451,be9076df-2f6d-51c1-87cf-f392e2596153.jpeg,c16
452,c917280b-b1c9-53c3-b6ad-cb87fb7b75b6.jpeg,c16
453,cs2304g0004-616600-gl-cs-co-fy24q1-aw-m18-r1-lifestyle-3.jpeg,c16
454,d3efc2a8-55b8-5400-bcbd-4a0fcc0cc103.jpeg,c16
455,d752adc3-994c-541d-8f53-bc880c0e698f.jpeg,c16
456,d7d08d60-5606-5f1d-b573-8e3ef6495ada.jpeg,c16
457,d95c0c89-83a8-542b-b268-6e544294e196.jpeg,c16
458,e8f8e383-dd89-5c8e-b5f5-67e09ff26288.jpeg,c16
459,e96e033d-70ae-500b-aec0-0b312e17c983.jpeg,c16
460,f0e8b4fe-f080-5286-9685-3878251d0d0a.jpeg,c16
461,f23a16ed-abfd-5711-8e6e-50392a1b2ab6.jpeg,c16
462,f2ffd0ab-cbbd-50cf-bcb5-a0a86668e092.jpeg,c16
463,f525ea21-d852-5132-989c-6a382c2b5a49.jpeg,c16
464,f5adaa76-8bfe-5b5e-9c65-a0868761e522.jpeg,c16
465,f7a92965-bb8c-5ba7-b660-91a7729a9cac.jpeg,c16
466,f9d8e381-fc4a-57f4-b705-098bbfb43ed5.jpeg,c16
467,fc2567a8-f750-5c1a-9ba9-7b2da744ce61.jpeg,c16
468,fcd62f47-7764-5e7d-88b7-779c812f3912.jpeg,c16
469,laptop-alienware-x14r2-pdp-mod10 (1).png,c16
470,laptop-alienware-x14r2-pdp-mod10.png,c16
471,laptop-alienware-x14r2-pdp-mod11.png,c16
472,notebook-alienware-x14-r2-gray-gallery-3 (1).png,c16
473,4_zu_3.jpg,c2
474,614df6usQcL._AC_SL1500_.jpg,c2
475,61BoT5p4YdL.jpg,c2
476,61nv8yc5NeL.jpg,c2
477,61O+W1q7sGL.jpg,c2
478,61ygCJW-BxL._AC_SL1500_.jpg,c2
479,71+76Hn+pJL._AC_SL1500_.jpg,c2
480,71+shpWLwhL.jpg,c2
481,71-E1+HxCWL.jpg,c2
482,718yX6lbF8L.jpg,c2
483,71ah3-sSJtL._AC_SL1500_.jpg,c2
484,71D1zAawoRL.jpg,c2
485,71GpA7p2KDL.jpg,c2
486,71iXgJkf0-L._AC_SL1500_.jpg,c2
487,71MoRuvh4lL._AC_SL1500_ (1).jpg,c2
488,71MoRuvh4lL._AC_SL1500_.jpg,c2
489,71nbesyPd4L._AC_SL1500_.jpg,c2
490,71XtSdAQk2L._AC_SL1500_.jpg,c2
491,81h-ftZgWeL._AC_SL1500_ (1).jpg,c2
492,81h-ftZgWeL._AC_SL1500_.jpg,c2
493,81M6g4C1+iL._AC_SL1500_.jpg,c2
494,csm_13R3_10_bcea73caaf.jpg,c2
495,csm_13R3_13_b3a6ba91d7.jpg,c2
496,csm_13R3_14_d0a5d83446.jpg,c2
497,csm_13R3_16_2968626502.jpg,c2
498,csm_13R3_16_7ac6c47426.jpg,c2
499,csm_13R3_17_98b18445d8.jpg,c2
500,csm_13R3_18_d25f28adbb.jpg,c2
501,csm_13R3_19_c634c69a9e.jpg,c2
502,csm_13R3_1_fb15921aea.jpg,c2
503,csm_13R3_20_b902a4df76.jpg,c2
504,csm_13R3_21_76ede7f488.jpg,c2
505,csm_13R3_22_f70da45413.jpg,c2
506,csm_13R3_23_eb97ab46d6.jpg,c2
507,csm_13R3_24_b3a7c64573.jpg,c2
508,csm_13R3_25_9dd23f3623.jpg,c2
509,csm_13R3_26_32659d1cfc.jpg,c2
510,csm_13R3_33_f82ba6b500.jpg,c2
511,csm_13R3_3_6a7ddf8b88.jpg,c2
512,csm_13R3_4_682e3c9c96.jpg,c2
513,"004cebc2-03e1-458d-8ea5-64ba74b23c35.__CR0,0,970,600_PT0_SX970_V1___.jpeg",c3
514,018a3316-41cf-546b-a432-414fcc318fdf.jpeg,c3
515,078947cb-0dda-53e2-90c2-96e5718cef8c.jpeg,c3
516,0b31c289-befa-59b7-a1a0-750461b56348.jpeg,c3
517,23e06aaf-2342-593d-921b-3399945b13ce.jpeg,c3
518,24fd4d89-aedc-561c-9d82-a39ed33366d5.jpeg,c3
519,"31f0e85b-7932-4dff-8816-dfca51a2566e.__CR0,0,970,600_PT0_SX970_V1___.jpeg",c3
520,3e64bbff-1dbf-5fd8-8fe3-03943faeeb12.jpeg,c3
521,41nXSEuoYLL._SL1080_.jpg,c3
522,51-gAkqH+OL._SL1080_.jpg,c3
523,513d4xLVO6L._SL1600_.jpg,c3
524,51vT0ayLrCL._SL1080_.jpg,c3
525,5f13de20-0527-540c-8371-34cb29a19e8a.jpeg,c3
526,61-+y2H8Q8L._SL1080_.jpg,c3
527,6192tQhduvL._SL1080_ (1).jpg,c3
528,61TXCxgfD9L._SL1080_.jpg,c3
529,61zJMIjVziL._SL1080_.jpg,c3
530,63272b1e-513d-5612-9b86-b055d808f9bf.jpeg,c3
531,636a0ec6-aab1-53ec-931d-6366bb3e62fe.jpeg,c3
532,662d2241-e627-5d79-ae8e-d2efcf9c7409.jpeg,c3
533,"6f6fe473-c3cb-4038-9e72-5433101ae64d.__CR0,0,970,600_PT0_SX970_V1___.jpeg",c3
534,71umPsBixQL._SL1500_.jpg,c3
535,777a903e-b0b2-5500-a337-e3b50b12f85a.jpeg,c3
536,81714b48-d383-5662-8cdc-9e3a79005365.jpeg,c3
537,82e548a9-2fcf-50d0-acf1-db7d7b66413e.jpeg,c3
538,83993c0e-8279-508e-8ab0-d481b98005cc.jpeg,c3
539,8e684a55-8de3-5357-a53a-77b3cc8a3042.jpeg,c3
540,9826a450-7c07-5049-b51e-468853439ed5.jpeg,c3
541,9e570e78-b61d-5843-9a9f-f90e69920d3b.jpeg,c3
542,a167f571-cfd2-56f2-bdd6-e7b3d1fcab32.jpeg,c3
543,a5eb6658-ce5b-5185-8f82-2447fcb282ed.jpeg,c3
544,a8d58035-773d-56ab-baee-c0be444faaf7.jpeg,c3
545,bded09fd-3ec0-5c56-b099-cc08522b803d.jpeg,c3
546,c8cf4e55-f6f8-5762-9dab-c5fb49257f02.jpeg,c3
547,ccafffa3-d8f4-59e6-8964-6d91b9563e3a.jpeg,c3
548,d5815fde-b974-5b14-872a-22f86c8c472a.jpeg,c3
549,d7c5dbab-d3e3-513f-a72b-68ae8a2faf23.jpeg,c3
550,e424933f-11f1-5db9-ba8f-4570520abe49.jpeg,c3
551,f881bccb-f84b-5da4-a9ab-a50a155088a2.jpeg,c3
552,Screenshot_19-8-2024_114017_www.dell.com.jpeg,c3
553,Screenshot_19-8-2024_114027_www.dell.com.jpeg,c3
554,Screenshot_19-8-2024_114049_www.dell.com.jpeg,c3
555,Screenshot_19-8-2024_114111_www.dell.com.jpeg,c3
556,Screenshot_19-8-2024_114135_www.dell.com.jpeg,c3
557,6120cTwaroL._SL1500_.jpg,c4
558,613NUqiYyoL._SL1500_.jpg,c4
559,61OLdHmCZfL._SL1500_.jpg,c4
560,61qDbmrFWeL._SL1500_.jpg,c4
561,61u3+nq2bjL._SL1500_.jpg,c4
562,61Wf7t+pE8L.jpg,c4
563,6509bed13394397376226877-alienware-m17-gaming-laptop-2023-newest.jpg,c4
564,6509bed13394397376226878-alienware-m17-gaming-laptop-2023-newest.jpg,c4
565,6509bed13394397376226879-alienware-m17-gaming-laptop-2023-newest.jpg,c4
566,6509bed1339439737622687a-alienware-m17-gaming-laptop-2023-newest.jpg,c4
567,6509bed1339439737622687b-alienware-m17-gaming-laptop-2023-newest.jpg,c4
568,6509bed1339439737622687c-alienware-m17-gaming-laptop-2023-newest.jpg,c4
569,6509bed1339439737622687d-alienware-m17-gaming-laptop-2023-newest.jpg,c4
570,71-TnFaPCAL._SL1500_.jpg,c4
571,717XL47MG3L.jpg,c4
572,71AhIzekpIL._SL1500_.jpg,c4
573,71Fuj5A38bL.jpg,c4
574,71fxjiwgX3L.jpg,c4
575,71o8skRiUhL.jpg,c4
576,71OjtPZoVjL.jpg,c4
577,71pH9k+WxWL.jpg,c4
578,71pTBFqEvJL._SL1500_.jpg,c4
579,71rinsUlDbL.jpg,c4
580,71sAf5rh6hL.jpg,c4
581,71SuPPozOUL.jpg,c4
582,71TfxT0LS8L._SL1500_.jpg,c4
583,71vvBrex8KL.jpg,c4
584,71YoD5BcbqL._SL1500_.jpg,c4
585,71ZNkZSD0hL.jpg,c4
586,812e6uzzKlL.jpg,c4
587,813CJLetMKL.jpg,c4
588,813WijTWxtL.jpg,c4
589,8155DI1k5eL.jpg,c4
590,81EB66ZdHWL.jpg,c4
591,81FWVqIBfzL.jpg,c4
592,81iL9+UMrmL.jpg,c4
593,81K0lIanaLL.jpg,c4
594,81LJiFIiOVL.jpg,c4
595,81Op17xu+0L.jpg,c4
596,81QYrQwqonL.jpg,c4
597,81sPn6WixwL.jpg,c4
598,81TEEDTBy3L.jpg,c4
599,81vBoEOlfuL.jpg,c4
600,81WO6XF1TTL.jpg,c4
601,81y+sIzGbsL.jpg,c4
602,81ZGJ2PTTwL.jpg,c4
603,91fwLQ3ClEL.jpg,c4
604,91MaNEVQmEL.jpg,c4
605,91t1mRsUEHL.jpg,c4
606,00CkSN8iwRrrd090mXsYaJt-1.fit_lim.size_960x.jpg,c5
607,00CkSN8iwRrrd090mXsYaJt-3.fit_scale.size_1028x578.v1653575783.jpg,c5
608,00CkSN8iwRrrd090mXsYaJt-4.fit_lim.size_960x.jpg,c5
609,00CkSN8iwRrrd090mXsYaJt-6.fit_lim.size_960x.jpg,c5
610,00CkSN8iwRrrd090mXsYaJt-7.fit_lim.size_960x.jpg,c5
611,00CkSN8iwRrrd090mXsYaJt-8.fit_lim.size_960x.jpg,c5
612,03e3bf65-4d29-5d8b-9afc-fbaa74ebf93b.jpeg,c5
613,0ec59025-4507-5c64-8eea-9d9f298844a7.jpeg,c5
614,240048a6-11cf-59d4-8faa-71654f6d48ec.jpeg,c5
615,240251e9-bc64-567c-8e8c-c67bc64d3d05.jpeg,c5
616,250603_0_t7jbb3.webp,c5
617,250603_10_qshjlg.webp,c5
618,250603_11_sxmsj2.webp,c5
619,250603_12_lr8mcx.webp,c5
620,250603_1_nwqnb4.webp,c5
621,250603_3_fehpfa.webp,c5
622,250603_6_pk4wca.webp,c5
623,250603_9_swejyi.webp,c5
624,2c6ed5f3-6c05-5740-91a8-d983a20c145c.jpeg,c5
625,3cfc86cc-b353-5709-a330-4bffb4170e30.jpeg,c5
626,41MDcyiA57L._AC_SL1500_.jpg,c5
627,4653e073-a227-55b2-b749-afbebc370daa.jpeg,c5
628,47d46319-ae81-5b8f-93fa-2e2fe87c9c0d.jpeg,c5
629,4a8c0907-aa17-5daf-9ca4-d6ffdb7fccd9.jpeg,c5
630,4e874ceb-c190-5316-bd7a-02c4f5dc6206.jpeg,c5
631,4f54ba4f-2049-5cca-83d5-1a5087aafe16.jpeg,c5
632,5089eec1-d409-5010-8fd5-5259050838b6.jpeg,c5
633,51BBdet2ITL._AC_SL1500_.jpg,c5
634,51EvSrTENoL._AC_SL1500_.jpg,c5
635,51PoOLGDLhL._AC_SL1500_.jpg,c5
636,51ZW94OF03L.jpg,c5
637,5e333445-fb6b-528c-8681-76da32a92c7e.jpeg,c5
638,5e48c6fa-79da-5e3c-ae48-e1663226bcf8.jpeg,c5
639,610dNv88KsL.jpg,c5
640,612yckrayjL.jpg,c5
641,6131sskwEFL._AC_SL1500_.jpg,c5
642,618ZGYtiqXL.jpg,c5
643,61BBNl5gB7L.jpg,c5
644,61BZqtQGzcL.jpg,c5
645,61c7ASTnhtL.jpg,c5
646,61GaOB-HpbL.jpg,c5
647,61GGgb0a1VL.jpg,c5
648,61k1ewp1V3L._AC_SL1500_.jpg,c5
649,61Vy17w13-L.jpg,c5
650,61wwER7sTeL.jpg,c5
651,64032b26c3fe1f451d5c6312-alienware-x17-r2-17-3-fhd-360hz.jpg,c5
652,6c0e13dc-26e4-5365-9751-c18b69b9955a.jpeg,c5
653,71129oD9SzL._AC_SL1500_.jpg,c5
654,711bd09d-e75a-5eb4-a367-10bd68a9410b.jpeg,c5
655,71hZT3ubSQL._AC_SL1500_.jpg,c5
656,71LuTI2sZ1L.jpg,c5
657,71pq9B2akaL._AC_SL1500_.jpg,c5
658,71Q2lEw3iHL._AC_SL1500_.jpg,c5
659,71VpxdWqS1L.jpg,c5
660,71ZH3QktovL.jpg,c5
661,72c56c85-3df2-5a7e-b3cf-6d3610f5f3ab.jpeg,c5
662,7a512aaf-ad62-597b-8f01-e09b53946899.jpeg,c5
663,7c87fa6d-37dd-5411-be94-46d654c28a8b.jpeg,c5
664,84ce545d-c93d-5711-a9ee-2d4bebebf0ca.jpeg,c5
665,8cfb8201-dfc9-55cf-936e-5de1a4b25f8b.jpeg,c5
666,91094e6e-2dff-5c0e-b50c-9756fa0ae700.jpeg,c5
667,931d1dce-9096-52cd-833a-629875531805.jpeg,c5
668,996fe753-912b-5be5-b9cb-a41c1c23e1f3.jpeg,c5
669,a49c0aee-20ec-5db1-b602-677d0ba4c623.jpeg,c5
670,a50d0cc6-da78-5323-823f-7a1c5113feae.jpeg,c5
671,a76cccd2-8dcb-5d37-9356-dae39bf24d90.jpeg,c5
672,a978eae3-2533-5479-99c5-a4b5e1732578.jpeg,c5
673,acccbe96-c17e-58be-9031-efed40064e9e.jpeg,c5
674,aeedec87-a454-5ba7-8169-42547bdbe1f0.jpeg,c5
675,b2c9e7f6-db1e-55da-92eb-e185064becdd.jpeg,c5
676,b6d4ff6b-d231-52c0-a7d8-a0b16ef633c2.jpeg,c5
677,b94c0ac6-9f36-5eb8-85fa-32b646e25d3b.jpeg,c5
678,bc5258bc-7da2-5bd4-b15c-7e78f014ca5e.jpeg,c5
679,c5c85b6d-1818-5f98-8371-500f0db671e5.jpeg,c5
680,d618ce22-6f97-5c27-971b-ed114a5d8019.jpeg,c5
681,dsf2344-1670281610376.jpeg,c5
682,dsf2354-1670281610381.jpeg,c5
683,ee2a64dc-da7d-57b6-8f24-02617eb88693.jpeg,c5
684,f364da30-d656-5beb-adb5-abb60327f605.jpeg,c5
685,f3d0b5ca-7b5c-5d1a-bb82-6ba61b6e6376.jpeg,c5
686,f5febddc-3625-555c-8024-c7410cd72233.jpeg,c5
687,fa18396a-5eed-5a43-8441-2e36f3724272.jpeg,c5
688,laptop-alienware-x17-r2-pdp-mod02c.jpeg,c5
689,laptop-alienware-x17-r2-pdp-mod04.jpeg,c5
690,laptop-alienware-x17-r2-pdp-mod05.jpeg,c5
691,laptop-alienware-x17-r2-pdp-mod06.jpeg,c5
692,laptop-alienware-x17-r2-pdp-mod09.jpeg,c5
693,windows-11-intgrtn (1).jpg,c5
694,windows-11-intgrtn.jpg,c5
695,15b71158-99cb-5a1b-975b-257f93bf0742.jpeg,c6
696,227ec90b-89b6-512a-8384-929e72d8cccb.jpeg,c6
697,312a9563-113b-5856-a72b-43191cf414cb.jpeg,c6
698,4536a312-83fd-534e-97b5-f89bc948b3a5.jpeg,c6
699,47560f71-9e7f-55ca-9b95-3db73e9cdd17.jpeg,c6
700,4888dbd0-1fb4-5bf2-8b35-b5d9ecbc41ac.jpeg,c6
701,4a3af7c2-d6af-5840-9172-3a94cb65f08b.jpeg,c6
702,51DOeTLGpgL._SL1062_.jpg,c6
703,51uP9cHRwPL._SL1092_.jpg,c6
704,55dea79f-d2fa-5bf5-9f28-01a15ba730a2.jpeg,c6
705,590e48c4-86d1-52ae-a4a6-95fb4f284499.jpeg,c6
706,5t43oujxhetKtvZzP2M6EL-1200-80.jpg,c6
707,61+cpZHPJaL._SL1083_.jpg,c6
708,61aC3GbtoCL._SL1083_.jpg,c6
709,61daGkuCdzL._SL1083_.jpg,c6
710,64801caef9d51803d872bb8e-dell-chromebook-11-3180-celeron-n3060.jpg,c6
711,64801caef9d51803d872bb98-dell-chromebook-11-3180-celeron-n3060.jpg,c6
712,6c9df6d8-946a-5cbb-9e24-8c8e3639da40.jpeg,c6
713,7aa9b485-d2dd-51b8-a6dd-cb5e71c6b2de.jpeg,c6
714,7f034ec8-9f9c-5dac-88b1-151718811031.jpeg,c6
715,910717f0-cf74-5e83-9673-8a21fe675c78.jpeg,c6
716,d3a91c52-21ce-5635-acb7-a470439e112e.jpeg,c6
717,d6beebef-4fee-5875-85f2-d20446082c8b.jpeg,c6
718,ea34b8b9-28ca-532c-b253-d973af2394cc.jpeg,c6
719,f511a0c3-14e8-5626-a708-d214955966e1.jpeg,c6
720,hKMmxmw4oYVi33eMtgQ3TC-1200-80.jpg,c6
721,rTPUt8bS2JdJFG2hG8viJo-1200-80.jpg,c6
722,s-l500.jpg,c6
723,ZxGSog9XhSkKYhNystWurn-1024-80.jpg,c6
724,ZxGSog9XhSkKYhNystWurn-1200-80.jpg,c6
725,01bb1dd8-1402-5394-a3fe-2b0822f8d2e8.jpeg,c7
726,03709c42-298d-5681-b9ef-21a1200c5021.jpeg,c7
727,0373ee35-77cc-5e0e-89f0-ebeba456648c.jpeg,c7
728,0496ce4d-ec76-5f28-bad3-d83655e06a37.jpeg,c7
729,04c84524-45c8-5679-9525-56264adf9a06.jpeg,c7
730,0603e4c0-0bd3-51fc-b960-34af3b07b4e9.jpeg,c7
731,072bdbcd-baa8-5814-8b02-5a3d7f60a5a4.jpeg,c7
732,07d49a13-59d3-5f20-8a7d-59f886cf550c.jpeg,c7
733,0ae7e6c5-2b6b-5d58-8a36-78fd5ee56871.jpeg,c7
734,0b4c578d-5f12-5362-93fd-80ab012a36e8.jpeg,c7
735,0ead3312-ab83-504d-b078-245465972bfa.jpeg,c7
736,102abcad-a450-5996-8f57-0e65d481e635.jpeg,c7
737,10857e92-0d96-58b3-aef6-d992cfeca223.jpeg,c7
738,11db6ce1-2b65-5a36-95ce-ee0cbda895e4.jpeg,c7
739,130c2f85-d088-5aab-8255-2fb3662c68c1.jpeg,c7
740,1ae039e0-cc8e-5a4b-8338-63240316a2de.jpeg,c7
741,1f3e14b2-f9e7-5596-9d0d-be22a16874d0.jpeg,c7
742,1f7c451c-6085-5645-98bb-77bf12c26192.jpeg,c7
743,21187238-065c-5f58-ab73-377c67dcd7b0.jpeg,c7
744,22b3fa51-a7e2-5c20-9491-cbd1d617c4fc.jpeg,c7
745,23b73341-377d-586f-81a3-2bd1e65f5d52.jpeg,c7
746,2401f91d-5748-5197-b2dd-65600fe3eb2c.jpeg,c7
747,26a48172-035f-5509-8111-f3f6254dd0d2.jpeg,c7
748,2b5bd346-dc9e-5a0e-9424-a64d85f38c40.jpeg,c7
749,2ba8a7e6-a27c-59f4-8201-57af4a6f8117.jpeg,c7
750,2bc5e527-ae80-5c5d-ba0d-b79c42be94c1.jpeg,c7
751,2c0e1279-efa1-5420-ad07-50e725c44fec.jpeg,c7
752,30a453ac-5dd0-5cda-b13f-71e608f50b88.jpeg,c7
753,31e4c3cd-bbff-5cde-9a01-54d5ccba6729.jpeg,c7
754,36534020-7743-5120-9ce6-6b9651acd673.jpeg,c7
755,3abbc66f-9279-5756-be44-cf6f6f5644cb.jpeg,c7
756,3b37d227-7355-5256-8884-f7945b5e6418.jpeg,c7
757,3ed16d84-2666-576a-b122-b163d99bb0c8.jpeg,c7
758,4036fb7e-42f2-51ce-ac0f-263431885d10.jpeg,c7
759,418dcae3-cf11-55c0-9d9b-1d2943b85a4c.jpeg,c7
760,438317e9-d3df-5f26-92bb-6b289369620c.jpeg,c7
761,4492cdb3-4f77-54ef-b6a9-976488833018.jpeg,c7
762,459b3ebe-fc0f-5ce2-b553-1811a80575dc.jpeg,c7
763,465471b6-b758-51cc-aa1c-e4f5032e5565.jpeg,c7
764,470301a4-0f8c-5b09-87a7-116606f57a53.jpeg,c7
765,47626f4c-24cf-536b-9316-5cfd9409be50.jpeg,c7
766,4c57f417-f029-5ecf-bd8e-7cb47b1919cb.jpeg,c7
767,4d3db002-a48f-59ee-9232-715a83ccb90b.jpeg,c7
768,4e350a7e-7aa2-5276-a20f-46a3556c3a9c.jpeg,c7
769,4f100598-0e5f-5341-aa31-206827b17950.jpeg,c7
770,4f66f419-89be-5380-9c25-5d9edbe8f72a.jpeg,c7
771,51172358-8384-5d27-9f25-420f095bcbde.jpeg,c7
772,54791699-bae0-5fb4-9ccd-268aa32c8c42.jpeg,c7
773,5ac9dcc1-d536-5c86-bd61-8929e6916e22.jpeg,c7
774,5d94f397-4d5a-5d70-b0d6-322c9aa91d1d.jpeg,c7
775,5f38ae73-f627-588e-a4f4-10aefe13e431.jpeg,c7
776,614A4IGFIzS._SL1080_.jpg,c7
777,61FLwm+jG1S._SL1080_.jpg,c7
778,61Giyr2sBbL._SL1600_.jpg,c7
779,61HLdQnf-rS._SL1080_.jpg,c7
780,61JZwykkvLS._SL1080_.jpg,c7
781,61LVwo050hS._SL1080_.jpg,c7
782,61quwL12LTS._SL1080_.jpg,c7
783,624162ef-4c8d-5b5c-bc25-eecb76ac709a.jpeg,c7
784,6489580a-4108-545e-a4c9-d4c79ea517be.jpeg,c7
785,6528a569-0831-52c8-8a50-f4c17d14d3c9.jpeg,c7
786,6569e84c-f241-5058-882e-ddf81efb2591.jpeg,c7
787,66ccfa70-7243-5132-a462-00e12776ab14.jpeg,c7
788,6822713c-fad4-5bc2-b290-2eb068ec36e5.jpeg,c7
789,68b9fe7c-6e2b-53ce-8bc9-fde1f04b1d99.jpeg,c7
790,6984d265-b177-5525-ab7d-995873788080.jpeg,c7
791,6da6978f-c83b-57cb-b858-eb8f67cbe04a.jpeg,c7
792,6dcd1f69-67df-5cd5-9b70-ec0a342da3cb.jpeg,c7
793,7122L0dXRvL._SL1600_.jpg,c7
794,71b8fc3b-c403-5981-a57b-d6f313d780d6.jpeg,c7
795,71cGeb50hNL._SL1600_.jpg,c7
796,749f20a1-ff6c-5249-961c-428966f1f9b0.jpeg,c7
797,75432492-a559-5561-b11a-470c42d68d0c.jpeg,c7
798,769b69fc-e74f-5a3a-b382-d2f58b98f040.jpeg,c7
799,7a9c0eb3-dd30-5824-b049-83598948f007.jpeg,c7
800,7cd65c1d-1218-51a8-807d-8cd38867724b.jpeg,c7
801,7cdf83e4-f317-5fb9-b489-34f1bca952c6.jpeg,c7
802,7d59e432-d3dc-52c2-9001-77d0d0450882.jpeg,c7
803,7e1870b7-b7aa-5bef-ba5c-eea3fd641793.jpeg,c7
804,7e449d66-17eb-5044-a25f-eebddc265157.jpeg,c7
805,7ee9c25d-cd86-5d3d-b574-f9d998532732.jpeg,c7
806,809905d1-12ab-5937-b035-05955176af8c.jpeg,c7
807,8165597c-fd35-583d-b623-acd7d2caeadc.jpeg,c7
808,81b1872b-ee79-582c-b431-06601956a830.jpeg,c7
809,81c0g-sy3GL.jpg,c7
810,826c461c-e9ea-501d-817b-eaaf3f7770f6.jpeg,c7
811,851ebef5-2967-5152-8542-1b4945b8aab5.jpeg,c7
812,85ba69a8-7a4a-5a7d-bc69-0cce82c439cd.jpeg,c7
813,867a0a55-1e7e-5cbf-b64c-6c12fb609169.jpeg,c7
814,8774dd4f-1281-59cf-a71a-3c3fa904c4a9.jpeg,c7
815,88a13101-2177-5b36-b01c-6a1c0484e7dd.jpeg,c7
816,8aa8fc1a-1837-5a8d-9238-ab465f57d818.jpeg,c7
817,8b33cfd2-dbed-5e5a-bfed-533dc03a6990.jpeg,c7
818,8baeeeae-1d40-57ce-93ed-a5d62c89651c.jpeg,c7
819,8bf873ab-5d2d-5e54-99bd-f4d8047c8fd6.jpeg,c7
820,8cdc2016-3171-5f21-a5e7-88a4d863f9ab.jpeg,c7
821,8e49889d-0c11-556b-bd00-2e43734889eb.jpeg,c7
822,8f757615-6274-5267-8e9c-769e27b2d92e.jpeg,c7
823,9032801c-db8c-5427-a790-2a40150a0b0a.jpeg,c7
824,9095d3bd-ac1b-51d7-8095-e8404e10416a.jpeg,c7
825,92d3fca2-25ce-5904-a3b0-65dc724be52f.jpeg,c7
826,93698ee1-5250-59cb-8a00-aeba6f1a97b4.jpeg,c7
827,940a9ddf-90b5-5680-b621-2aec4e806288.jpeg,c7
828,9504f277-1ac0-54de-b5f3-d915d105d696.jpeg,c7
829,976c3abd-92d8-5698-9569-bb48dc4762ee.jpeg,c7
830,985218b6-fa2f-51a4-abbc-3485e228e391.jpeg,c7
831,9afedbf1-fbbc-5dbf-b70d-c1e35209e406.jpeg,c7
832,a0706840-2ad9-5235-9aa1-bd918dbda1a3.jpeg,c7
833,a1150b4a-c821-5e1e-9b48-739a700f9a89.jpeg,c7
834,a1d8d39b-99f7-5261-8975-ec8fa51313d8.jpeg,c7
835,a53290be-5d1b-5e7b-93b9-41e35a126c7c.jpeg,c7
836,a80d3528-2928-5ef0-a2a3-7168e5c1ff3a.jpeg,c7
837,a84d34eb-7404-5bae-9689-daa1f01c97be.jpeg,c7
838,a87f9cae-a9ee-52ab-8da9-1a132485e42a.jpeg,c7
839,a89ded8e-d875-5547-8301-982f94a0f9d3.jpeg,c7
840,ae380737-e433-569f-a685-6a5b331ff845.jpeg,c7
841,af27ce56-bfb7-522b-bc49-9adad297f283.jpeg,c7
842,afc0bf8a-9503-5559-bd0f-3d34f447c743.jpeg,c7
843,b1a499a2-55e8-51cd-b94c-a0fd0d19868b.jpeg,c7
844,b2f3c3bd-fd63-5ad0-9c64-35d1086ab95d.jpeg,c7
845,b392bbe2-d5a8-5480-9bf8-a6b1aa37dcec.jpeg,c7
846,b3bf2849-a093-582f-b236-cb140817070c.jpeg,c7
847,b6674ef9-2173-5260-a2b7-3ffbbcf58fd1.jpeg,c7
848,b6c225c0-2fe6-5916-a574-595c19285b12.jpeg,c7
849,bb3aff8e-3be5-57de-b17b-527faa514dce.jpeg,c7
850,bb906434-874c-5a7e-b1c0-890fec6f4264.jpeg,c7
851,bc364820-3e01-5b4d-8aa0-1efade8939a3.jpeg,c7
852,bd1400bf-c712-59ae-b0c7-6bd5a8929c6f.jpeg,c7
853,be32163c-4a37-5afa-b55a-539a9a379863.jpeg,c7
854,bf43b991-f969-5608-8766-9932283e594f.jpeg,c7
855,bfc48314-8905-5b19-8af6-2bd5e11471f8.jpeg,c7
856,c073f726-1680-5590-92e2-0d0d6d5b28b1.jpeg,c7
857,c1e5c488-5966-5fb7-9c24-1eb503406d5b.jpeg,c7
858,c1f8e76a-4f9c-5fa3-9b52-dafc56e5042e.jpeg,c7
859,c3815010-b38d-59d4-8134-d41e9f831f0c.jpeg,c7
860,c514ce01-89d8-55ce-a216-3ba2fd1a749b.jpeg,c7
861,c6809280-f86f-5706-be0d-9d4c796db026.jpeg,c7
862,c85d3dee-b193-5025-82dc-328b0015941e.jpeg,c7
863,c8d41b53-558f-5a3f-bb72-5fcdc4d5b0d6.jpeg,c7
864,c984172e-9c98-5e1c-9ba3-8f88ff6d0180.jpeg,c7
865,c9e416a2-417d-59c2-ad89-6ecdd99a8ce6.jpeg,c7
866,cbcef2d2-8f89-5a14-9837-a98f2d465872.jpeg,c7
867,cf693645-9ee2-5142-8a9b-f64d8b325a57.jpeg,c7
868,d24aa29d-b746-5d90-822c-434e90f3d110.jpeg,c7
869,d541115e-9b29-519c-bfe1-c6e25a6aa71c.jpeg,c7
870,d5fdb9b4-55be-561d-bdca-9f61384fedec.jpeg,c7
871,d6da675f-9147-58bf-a547-9796717a7a82.jpeg,c7
872,d7d3930f-d58b-5f7b-ac07-aa55c4f96a5c.jpeg,c7
873,d80f90c8-a962-5b99-baf0-9c73f940e36e.jpeg,c7
874,d8a90dbc-7a67-5c1c-a870-21cc00c3c3ab.jpeg,c7
875,dc7d77df-73e6-59e8-81aa-46b379449b18.jpeg,c7
876,e5f90077-4078-5866-8ee4-fbe546d3c811.jpeg,c7
877,e88fff65-661e-5988-a7c6-ce824fd3a781.jpeg,c7
878,e9614152-5f91-5daa-8af7-a910186e8dfc.jpeg,c7
879,ea67010e-d2ff-515c-8df7-e184029d0804.jpeg,c7
880,eefa6afe-d8cb-52d5-8a28-751e72389234.jpeg,c7
881,ef2918c3-8615-5364-9ca6-21e96c395a5d.jpeg,c7
882,efcd057a-f6ce-5c59-af25-a7235236c036.jpeg,c7
883,f60ba799-80da-5cc0-9d15-a6cb34e1328d.jpeg,c7
884,f7c1ed95-cdae-59fa-9481-3287d1aa47c7.jpeg,c7
885,f834dece-2981-5e9d-870d-f481109c94b6.jpeg,c7
886,facd6c44-5787-5a5f-b81b-0d66f5dd9139.jpeg,c7
887,fcc0e394-ec23-5e1e-8474-3404f8df3130.jpeg,c7
888,Screenshot_18-8-2024_113455_www.flipkart.com.jpeg,c7
889,Screenshot_18-8-2024_113539_www.flipkart.com.jpeg,c7
890,Screenshot_18-8-2024_113548_www.flipkart.com.jpeg,c7
891,Screenshot_18-8-2024_113618_www.flipkart.com.jpeg,c7
892,Screenshot_18-8-2024_11361_www.flipkart.com.jpeg,c7
893,Screenshot_18-8-2024_113629_www.flipkart.com.jpeg,c7
894,Screenshot_18-8-2024_113642_www.flipkart.com.jpeg,c7
895,Screenshot_18-8-2024_113657_www.flipkart.com.jpeg,c7
896,Screenshot_18-8-2024_113714_www.flipkart.com.jpeg,c7
897,Screenshot_18-8-2024_113721_www.flipkart.com.jpeg,c7
898,Screenshot_18-8-2024_113728_www.flipkart.com.jpeg,c7
899,Screenshot_18-8-2024_11374_www.flipkart.com.jpeg,c7
900,18__io_port_laptop.png,c8
901,3__performance_laptop.png,c8
902,611zKQlHrbL._SL1500_.jpg,c8
903,81CZ0Hww2ML._SL1500_.jpg,c8
904,asus-rog-strix-g17-2022-17-3-inch-43-94-cms-fhd-144hz-amd-ryzen-7-6800h-rtx-3050-4gb-graphics-gaming-laptop-16gb512gb-ssdwindows-11green2-5-kg-g713rc-hx021w-triveni-world-1_1024x1024.jpg,c8
905,asus-rog-strix-scar-17-g733zw-ds94-12th-gen-intel-core-i9-12900h-17-3-inches-gaming-laptop-16gb-1tb-ssd-windows-11-off-black-2-9-kg- (1).jpg,c8
906,asus-rog-strix-scar-17-g733zw-ds94-12th-gen-intel-core-i9-12900h-17-3-inches-gaming-laptop-16gb-1tb-ssd-windows-11-off-black-2-9-kg- (2).jpg,c8
907,asus-rog-strix-scar-17-g733zw-ds94-12th-gen-intel-core-i9-12900h-17-3-inches-gaming-laptop-16gb-1tb-ssd-windows-11-off-black-2-9-kg- (3).jpg,c8
908,asus-rog-strix-scar-17-g733zw-ds94-12th-gen-intel-core-i9-12900h-17-3-inches-gaming-laptop-16gb-1tb-ssd-windows-11-off-black-2-9-kg-.jpg,c8
909,Asus-ROG-Strix-Scar-17-review-9-1.jpg,c8
910,blobio-imr_0a97cab909b9496587fe421c16c8465f.jpg,c8
911,blobio-imr_431174ff6f2a4cc997b71b51bcaa1d53.jpg,c8
912,blobio-imr_a11cb27807074901aad8ab6e2a08631d.jpg,c8
913,blobio-imr_d69d05fae0c84ac0b2ff830ae92dfd9a.jpg,c8
914,Screenshot_18-8-2024_115812_rog.asus.com.jpeg,c8
915,Screenshot_18-8-2024_115817_rog.asus.com.jpeg,c8
916,Screenshot_18-8-2024_115821_rog.asus.com.jpeg,c8
917,Screenshot_18-8-2024_115828_rog.asus.com.jpeg,c8
918,Screenshot_18-8-2024_115833_rog.asus.com.jpeg,c8
919,Screenshot_18-8-2024_115839_rog.asus.com.jpeg,c8
920,Screenshot_18-8-2024_115847_rog.asus.com.jpeg,c8
921,Screenshot_18-8-2024_115852_rog.asus.com.jpeg,c8
922,Screenshot_18-8-2024_115857_rog.asus.com.jpeg,c8
923,Screenshot_18-8-2024_11586_rog.asus.com.jpeg,c8
924,Screenshot_18-8-2024_115912_rog.asus.com.jpeg,c8
925,Screenshot_18-8-2024_11592_rog.asus.com.jpeg,c8
926,Screenshot_18-8-2024_11597_rog.asus.com.jpeg,c8
927,61LC8RgQUeL._AC_SL1212_.jpg,c9
928,61PEBTiIq6L._AC_SL1237_.jpg,c9
929,61TAymm53jL._AC_SL1237_.jpg,c9
930,71azyqSam5L._AC_SL1280_.jpg,c9
931,asus-rog-zephyrus-g16-fin.jpg,c9
932,build-quality-large.jpg,c9
933,design-medium.jpg,c9
934,display-large.jpg,c9
935,hinge-large.jpg,c9
936,rog-zephyrus-g16-colors-exterior-960x430.jpg,c9
937,rog-zephyrus-g16-colors-interiors-keyboard.jpg,c9
938,Screenshot_18-8-2024_121015_www.ultrabookreview.com.jpeg,c9
939,Screenshot_18-8-2024_121021_www.ultrabookreview.com.jpeg,c9
940,Screenshot_18-8-2024_121027_www.ultrabookreview.com.jpeg,c9
941,Screenshot_18-8-2024_12102_www.ultrabookreview.com.jpeg,c9
942,Screenshot_18-8-2024_121034_www.ultrabookreview.com.jpeg,c9
943,Screenshot_18-8-2024_121040_www.ultrabookreview.com.jpeg,c9
944,Screenshot_18-8-2024_121047_www.ultrabookreview.com.jpeg,c9
945,Screenshot_18-8-2024_121052_www.ultrabookreview.com.jpeg,c9
946,Screenshot_18-8-2024_121059_www.ultrabookreview.com.jpeg,c9
947,Screenshot_18-8-2024_12109_www.ultrabookreview.com.jpeg,c9
948,Screenshot_18-8-2024_121115_www.ultrabookreview.com.jpeg,c9
949,Screenshot_18-8-2024_121118_www.ultrabookreview.com.jpeg,c9
950,Screenshot_18-8-2024_121125_www.ultrabookreview.com.jpeg,c9
951,Screenshot_18-8-2024_12115_www.ultrabookreview.com.jpeg,c9
952,Screenshot_18-8-2024_12125_rog.asus.com.jpeg,c9
953,Screenshot_18-8-2024_12130_rog.asus.com.jpeg,c9
954,Screenshot_18-8-2024_12135_rog.asus.com.jpeg,c9
955,Screenshot_18-8-2024_12140_rog.asus.com.jpeg,c9
956,Screenshot_18-8-2024_12145_rog.asus.com.jpeg,c9
957,Screenshot_18-8-2024_12149_rog.asus.com.jpeg,c9
958,Screenshot_18-8-2024_12155_rog.asus.com.jpeg,c9
959,Screenshot_18-8-2024_12210_rog.asus.com.jpeg,c9
960,Screenshot_18-8-2024_12214_rog.asus.com.jpeg,c9
961,Screenshot_18-8-2024_12219_rog.asus.com.jpeg,c9
962,Screenshot_18-8-2024_1221_rog.asus.com.jpeg,c9
963,Screenshot_18-8-2024_12223_rog.asus.com.jpeg,c9
964,Screenshot_18-8-2024_12232_rog.asus.com.jpeg,c9
965,Screenshot_18-8-2024_12236_rog.asus.com.jpeg,c9
966,Screenshot_18-8-2024_12242_rog.asus.com.jpeg,c9
967,Screenshot_18-8-2024_12246_rog.asus.com.jpeg,c9
968,Screenshot_18-8-2024_12252_rog.asus.com.jpeg,c9
969,Screenshot_18-8-2024_1226_rog.asus.com.jpeg,c9
970,Screenshot_18-8-2024_12322_www.flipkart.com.jpeg,c9
971,Screenshot_18-8-2024_12746_www.asusplus.bg.jpeg,c9
972,Screenshot_18-8-2024_12814_www.asusplus.bg.jpeg,c9
973,Screenshot_18-8-2024_12825_www.asusplus.bg.jpeg,c9
974,Screenshot_18-8-2024_12848_www.ultrabookreview.com.jpeg,c9
975,Screenshot_18-8-2024_12859_www.ultrabookreview.com.jpeg,c9
976,Screenshot_18-8-2024_12942_www.ultrabookreview.com.jpeg,c9
977,Screenshot_18-8-2024_12950_www.ultrabookreview.com.jpeg,c9
978,Screenshot_18-8-2024_12956_www.ultrabookreview.com.jpeg,c9
979,style-large.jpg,c9
